{
  "n_spheres": 40,
  "r_ext": 0.025,
  "r_int": 0.023,
  "height": 0.1,
  "packing_method": "spherical_packing",
  "validation": {
    "ok": true,
    "n_spheres": 40,
    "pair_violations": 0,
    "domain_violations": 0,
    "messages": []
  },
  "porosity_estimate": 0.9975837628865979,
  "generation": {
    "n_placed": 40,
    "n_target": 40,
    "attempts": 1625,
    "elapsed_sec": 0.0023551000049337745,
    "acceptance_rate": 0.024615384615384615,
    "stopped_reason": "ok"
  },
  "generation_wall_time_sec": 0.0023596999963046983,
  "gap_convention": "center_distance >= r1+r2+gap",
  "n_spheres_requested": 40,
  "n_spheres_placed": 40,
  "sphere_centers_preview": [
    [
      0.009298809784115961,
      0.022049678187286616,
      0.04497079769116874
    ],
    [
      0.022743995560584023,
      0.00722928654524602,
      0.052533173788539986
    ],
    [
      -0.020646023386591616,
      -0.012527147966707066,
      0.009318409092495863
    ],
    [
      -0.0005170845922738594,
      -0.023989917999724945,
      0.07837057671235226
    ],
    [
      -0.021220073020726104,
      -0.011168275412379322,
      0.06639175044584399
    ],
    [
      -0.02397658021835203,
      -0.0004010779118485304,
      0.045307456637445544
    ],
    [
      0.004881241330918988,
      -0.023644702793209956,
      0.031084980008411752
    ],
    [
      -0.009904743320009938,
      0.02182806850835484,
      0.0495963787171421
    ],
    [
      0.023691065354794396,
      0.0037365127255114886,
      0.03668195693886271
    ],
    [
      0.011436728211157637,
      -0.020973537554078908,
      0.0586220579109829
    ],
    [
      -0.004845254284362235,
      -0.023507207207892587,
      0.04224091209725304
    ],
    [
      0.01951741518035525,
      0.014087871091197423,
      0.018352086354692463
    ]
  ],
  "sphere_centers_histogram": [
    [
      0.009298809784115961,
      0.022049678187286616,
      0.04497079769116874
    ],
    [
      0.022743995560584023,
      0.00722928654524602,
      0.052533173788539986
    ],
    [
      -0.020646023386591616,
      -0.012527147966707066,
      0.009318409092495863
    ],
    [
      -0.0005170845922738594,
      -0.023989917999724945,
      0.07837057671235226
    ],
    [
      -0.021220073020726104,
      -0.011168275412379322,
      0.06639175044584399
    ],
    [
      -0.02397658021835203,
      -0.0004010779118485304,
      0.045307456637445544
    ],
    [
      0.004881241330918988,
      -0.023644702793209956,
      0.031084980008411752
    ],
    [
      -0.009904743320009938,
      0.02182806850835484,
      0.0495963787171421
    ],
    [
      0.023691065354794396,
      0.0037365127255114886,
      0.03668195693886271
    ],
    [
      0.011436728211157637,
      -0.020973537554078908,
      0.0586220579109829
    ],
    [
      -0.004845254284362235,
      -0.023507207207892587,
      0.04224091209725304
    ],
    [
      0.01951741518035525,
      0.014087871091197423,
      0.018352086354692463
    ],
    [
      0.0229422853069795,
      0.007465207138455814,
      0.07782294323026061
    ],
    [
      -0.02346749934224635,
      -0.0054510007568927925,
      0.05876481949422455
    ],
    [
      0.020882346008623664,
      -0.011879357608980907,
      0.09424925903244748
    ],
    [
      0.01070598343204544,
      -0.021475541942256853,
      0.07960467386715278
    ],
    [
      0.02177682128179023,
      -0.010262646547257774,
      0.03145573917718125
    ],
    [
      -0.02225500420124657,
      -0.009132711313644763,
      0.06318141090371017
    ],
    [
      0.017908407401518164,
      -0.0160353549106028,
      0.07338987297186608
    ],
    [
      0.01572795184661629,
      -0.01822251220525662,
      0.03789827745635912
    ],
    [
      0.003887208688062086,
      0.02354442623852371,
      0.03636987904678219
    ],
    [
      -0.016605950568867604,
      -0.017259616480961543,
      0.07546304233901077
    ],
    [
      0.009150829930169042,
      -0.022320685474482373,
      0.050455629752730075
    ],
    [
      -0.014156363086149077,
      -0.019278350291464238,
      0.011425915292762838
    ],
    [
      0.009452678054890955,
      -0.022133157594986547,
      0.0820329096230386
    ],
    [
      0.013488268295221654,
      0.019711048007268712,
      0.07396424856792096
    ],
    [
      0.02249571084894716,
      0.008342299634153217,
      0.07340162176408078
    ],
    [
      -0.006582200688098155,
      0.02300038764751761,
      0.007780149788470549
    ],
    [
      0.014864893554742572,
      -0.018775458435560253,
      0.03160208333069273
    ],
    [
      -0.009382393477975811,
      -0.022013132625733543,
      0.019043956811598466
    ],
    [
      0.018264084049668786,
      -0.015465103247134494,
      0.09219372581733618
    ],
    [
      -0.011160464226881894,
      0.021349384118561788,
      0.041208598078329405
    ],
    [
      0.01454140246622208,
      0.019260606160071834,
      0.09406435423871094
    ],
    [
      0.010683472339796,
      -0.021461789683889246,
      0.06040792618295044
    ],
    [
      -0.02083952059990177,
      0.01210790971296653,
      0.0758036632417006
    ],
    [
      0.0036172869317669352,
      -0.02364694069151467,
      0.07510451841829686
    ],
    [
      0.023784802972705302,
      -0.0032134930676304616,
      0.03862038856074879
    ],
    [
      0.003505227812857486,
      -0.02384030041090169,
      0.08330724551645557
    ],
    [
      -0.015339474818876493,
      -0.01857533132606722,
      0.08788416202434636
    ],
    [
      0.019502648851195858,
      0.014113583712124848,
      0.07745901951172975
    ]
  ],
  "pair_violations": 0,
  "domain_violations": 0,
  "placement_attempts_total": 1625,
  "placement_rejections_approx": 1585
}