{
  "n_spheres": 80,
  "r_ext": 0.025,
  "r_int": 0.023,
  "height": 0.1,
  "packing_method": "hexagonal_3d",
  "validation": {
    "ok": true,
    "n_spheres": 80,
    "pair_violations": 0,
    "domain_violations": 0,
    "messages": []
  },
  "porosity_estimate": 0.9951675257731959,
  "generation": {
    "n_placed": 80,
    "n_target": 80,
    "elapsed_sec": 0.2048203000013018,
    "stopped_reason": "ok_truncado",
    "step_x": 0.0016,
    "step_y": 0.0013856406460551018,
    "step_z": 0.0013063945294843617,
    "candidates_before_trim": 1638
  },
  "generation_wall_time_sec": 0.20488049999403302,
  "gap_convention": "center_distance >= r1+r2+gap",
  "n_spheres_requested": 80,
  "n_spheres_placed": 80,
  "sphere_centers_preview": [
    [
      -0.0224,
      -0.00831384387633061,
      0.0026127890589687235
    ],
    [
      -0.0224,
      0.00831384387633061,
      0.0026127890589687235
    ],
    [
      -0.004,
      -0.02355589098293673,
      0.0026127890589687235
    ],
    [
      -0.004,
      0.02355589098293673,
      0.0026127890589687235
    ],
    [
      0.004,
      -0.02355589098293673,
      0.0026127890589687235
    ],
    [
      0.004,
      0.02355589098293673,
      0.0026127890589687235
    ],
    [
      0.0184,
      -0.01524204710660612,
      0.0026127890589687235
    ],
    [
      0.0184,
      0.01524204710660612,
      0.0026127890589687235
    ],
    [
      0.0224,
      -0.00831384387633061,
      0.0026127890589687235
    ],
    [
      0.0224,
      0.00831384387633061,
      0.0026127890589687235
    ],
    [
      -0.0224,
      -0.00831384387633061,
      0.005225578117937447
    ],
    [
      -0.0224,
      0.00831384387633061,
      0.005225578117937447
    ]
  ],
  "sphere_centers_histogram": [
    [
      -0.0224,
      -0.00831384387633061,
      0.0026127890589687235
    ],
    [
      -0.0224,
      0.00831384387633061,
      0.0026127890589687235
    ],
    [
      -0.004,
      -0.02355589098293673,
      0.0026127890589687235
    ],
    [
      -0.004,
      0.02355589098293673,
      0.0026127890589687235
    ],
    [
      0.004,
      -0.02355589098293673,
      0.0026127890589687235
    ],
    [
      0.004,
      0.02355589098293673,
      0.0026127890589687235
    ],
    [
      0.0184,
      -0.01524204710660612,
      0.0026127890589687235
    ],
    [
      0.0184,
      0.01524204710660612,
      0.0026127890589687235
    ],
    [
      0.0224,
      -0.00831384387633061,
      0.0026127890589687235
    ],
    [
      0.0224,
      0.00831384387633061,
      0.0026127890589687235
    ],
    [
      -0.0224,
      -0.00831384387633061,
      0.005225578117937447
    ],
    [
      -0.0224,
      0.00831384387633061,
      0.005225578117937447
    ],
    [
      -0.004,
      -0.02355589098293673,
      0.005225578117937447
    ],
    [
      -0.004,
      0.02355589098293673,
      0.005225578117937447
    ],
    [
      0.004,
      -0.02355589098293673,
      0.005225578117937447
    ],
    [
      0.004,
      0.02355589098293673,
      0.005225578117937447
    ],
    [
      0.0184,
      -0.01524204710660612,
      0.005225578117937447
    ],
    [
      0.0184,
      0.01524204710660612,
      0.005225578117937447
    ],
    [
      0.0224,
      -0.00831384387633061,
      0.005225578117937447
    ],
    [
      0.0224,
      0.00831384387633061,
      0.005225578117937447
    ],
    [
      -0.0224,
      -0.00831384387633061,
      0.00783836717690617
    ],
    [
      -0.0224,
      0.00831384387633061,
      0.00783836717690617
    ],
    [
      -0.004,
      -0.02355589098293673,
      0.00783836717690617
    ],
    [
      -0.004,
      0.02355589098293673,
      0.00783836717690617
    ],
    [
      0.004,
      -0.02355589098293673,
      0.00783836717690617
    ],
    [
      0.004,
      0.02355589098293673,
      0.00783836717690617
    ],
    [
      0.0184,
      -0.01524204710660612,
      0.00783836717690617
    ],
    [
      0.0184,
      0.01524204710660612,
      0.00783836717690617
    ],
    [
      0.0224,
      -0.00831384387633061,
      0.00783836717690617
    ],
    [
      0.0224,
      0.00831384387633061,
      0.00783836717690617
    ],
    [
      -0.0224,
      -0.00831384387633061,
      0.010451156235874894
    ],
    [
      -0.0224,
      0.00831384387633061,
      0.010451156235874894
    ],
    [
      -0.004,
      -0.02355589098293673,
      0.010451156235874894
    ],
    [
      -0.004,
      0.02355589098293673,
      0.010451156235874894
    ],
    [
      0.004,
      -0.02355589098293673,
      0.010451156235874894
    ],
    [
      0.004,
      0.02355589098293673,
      0.010451156235874894
    ],
    [
      0.0184,
      -0.01524204710660612,
      0.010451156235874894
    ],
    [
      0.0184,
      0.01524204710660612,
      0.010451156235874894
    ],
    [
      0.0224,
      -0.00831384387633061,
      0.010451156235874894
    ],
    [
      0.0224,
      0.00831384387633061,
      0.010451156235874894
    ],
    [
      -0.0224,
      -0.00831384387633061,
      0.013063945294843617
    ],
    [
      -0.0224,
      0.00831384387633061,
      0.013063945294843617
    ],
    [
      -0.004,
      -0.02355589098293673,
      0.013063945294843617
    ],
    [
      -0.004,
      0.02355589098293673,
      0.013063945294843617
    ],
    [
      0.004,
      -0.02355589098293673,
      0.013063945294843617
    ],
    [
      0.004,
      0.02355589098293673,
      0.013063945294843617
    ],
    [
      0.0184,
      -0.01524204710660612,
      0.013063945294843617
    ],
    [
      0.0184,
      0.01524204710660612,
      0.013063945294843617
    ],
    [
      0.0224,
      -0.00831384387633061,
      0.013063945294843617
    ],
    [
      0.0224,
      0.00831384387633061,
      0.013063945294843617
    ],
    [
      -0.0224,
      -0.00831384387633061,
      0.01567673435381234
    ],
    [
      -0.0224,
      0.00831384387633061,
      0.01567673435381234
    ],
    [
      -0.004,
      -0.02355589098293673,
      0.01567673435381234
    ],
    [
      -0.004,
      0.02355589098293673,
      0.01567673435381234
    ],
    [
      0.004,
      -0.02355589098293673,
      0.01567673435381234
    ],
    [
      0.004,
      0.02355589098293673,
      0.01567673435381234
    ],
    [
      0.0184,
      -0.01524204710660612,
      0.01567673435381234
    ],
    [
      0.0184,
      0.01524204710660612,
      0.01567673435381234
    ],
    [
      0.0224,
      -0.00831384387633061,
      0.01567673435381234
    ],
    [
      0.0224,
      0.00831384387633061,
      0.01567673435381234
    ],
    [
      -0.0224,
      -0.00831384387633061,
      0.018289523412781065
    ],
    [
      -0.0224,
      0.00831384387633061,
      0.018289523412781065
    ],
    [
      -0.004,
      -0.02355589098293673,
      0.018289523412781065
    ],
    [
      -0.004,
      0.02355589098293673,
      0.018289523412781065
    ],
    [
      0.004,
      -0.02355589098293673,
      0.018289523412781065
    ],
    [
      0.004,
      0.02355589098293673,
      0.018289523412781065
    ],
    [
      0.0184,
      -0.01524204710660612,
      0.018289523412781065
    ],
    [
      0.0184,
      0.01524204710660612,
      0.018289523412781065
    ],
    [
      0.0224,
      -0.00831384387633061,
      0.018289523412781065
    ],
    [
      0.0224,
      0.00831384387633061,
      0.018289523412781065
    ],
    [
      -0.0224,
      -0.00831384387633061,
      0.020902312471749788
    ],
    [
      -0.0224,
      0.00831384387633061,
      0.020902312471749788
    ],
    [
      -0.004,
      -0.02355589098293673,
      0.020902312471749788
    ],
    [
      -0.004,
      0.02355589098293673,
      0.020902312471749788
    ],
    [
      0.004,
      -0.02355589098293673,
      0.020902312471749788
    ],
    [
      0.004,
      0.02355589098293673,
      0.020902312471749788
    ],
    [
      0.0184,
